Workbook
Name MARCA_1: Listas!$D$2:$D$8
Name MARCA_2: Listas!$E$2:$E$3
Name MARCA_3: Listas!$F$2:$F$9
Name MARCA_4: Listas!$G$2:$G$24
Name MARCA_5: Listas!$H$2:$H$3
Name MARCA_6: Listas!$I$2:$I$4
Name MARCA_7: Listas!$J$2:$J$7
Name MARCA_8: Listas!$K$2:$K$2
Name MARCA_9: Listas!$L$2:$L$3
Name MARCA_10: Listas!$M$2:$M$6
Name MARCA_11: Listas!$N$2:$N$5
Name MARCA_12: Listas!$O$2:$O$14
Name MARCA_13: Listas!$P$2:$P$43
Name MARCA_14: Listas!$Q$2:$Q$6
Name MARCA_15: Listas!$R$2:$R$13
Name MARCA_16: Listas!$S$2:$S$24
Name MARCA_17: Listas!$T$2:$T$13
Name MARCA_18: Listas!$U$2:$U$2
Name MARCA_19: Listas!$V$2:$V$3
Name MESES: Listas!$C$2:$C$5
Name MARCAS: Listas!$A$2:$A$20

Sheet Cargue
A1: Elige la MARCA de la lista desplegable. | B1: Elige el PRODUCTO de la lista. Solo salen los de la marca elegida en la columna A. | C1: Se llena solo. No escribas aquí. | D1: Se llena solo con lo que tiene tu tienda en sistema. No escribas aquí. | E1: ESCRIBE cuántas unidades vencen en esa fecha (número entero). No más de lo que hay en sistema. | F1: ESCRIBE solo el DÍA de vencimiento (número del 1 al 31). | G1: ELIGE el MES y AÑO de la lista (mm/aaaa). Solo salen el mes actual y los 3 siguientes. | H1: Se llena sola con día/mes/año. Revisa que sea la fecha correcta. | J1: Plantilla de HOSPITAL BRISAS DEL NORTE (Melo Pet & Garden · ZONA 6 HOSPITALES). Un renglón por lote: si un producto tiene 2 fechas, ponlo en 2 renglones. Columnas amarillas = las llenas tú (la fecha va en Día + Mes/año). Grises = se llenan solas. Al terminar, guarda y súbela en el aplicativo con "Subir plantilla llena".
A2: Marca | B2: Producto | C2: Código | D2: Inventario en sistema (u) | E2: Unidades por vencer | F2: Día de vencimiento | G2: Mes / año de vencimiento | H2: Fecha de vencimiento | J2: Leyenda
C3: =IFERROR(INDEX(Productos!$B$2:$B$174,MATCH(B3,Productos!$A$2:$A$174,0)),"") | D3: =IFERROR(INDEX(Productos!$C$2:$C$174,MATCH(B3,Productos!$A$2:$A$174,0)),"") | H3: =IF(AND(ISNUMBER(F3),G3<>""),IF(F3>DAY(EOMONTH(DATE(VALUE(RIGHT(G3,4)),VALUE(LEFT(G3,2)),1),0)),"Ese día no existe en el mes",DATE(VALUE(RIGHT(G3,4)),VALUE(LEFT(G3,2)),F3)),"") | J3: Elige de la lista
C4: =IFERROR(INDEX(Productos!$B$2:$B$174,MATCH(B4,Productos!$A$2:$A$174,0)),"") | D4: =IFERROR(INDEX(Productos!$C$2:$C$174,MATCH(B4,Productos!$A$2:$A$174,0)),"") | H4: =IF(AND(ISNUMBER(F4),G4<>""),IF(F4>DAY(EOMONTH(DATE(VALUE(RIGHT(G4,4)),VALUE(LEFT(G4,2)),1),0)),"Ese día no existe en el mes",DATE(VALUE(RIGHT(G4,4)),VALUE(LEFT(G4,2)),F4)),"") | J4: Escribe el dato
C5: =IFERROR(INDEX(Productos!$B$2:$B$174,MATCH(B5,Productos!$A$2:$A$174,0)),"") | D5: =IFERROR(INDEX(Productos!$C$2:$C$174,MATCH(B5,Productos!$A$2:$A$174,0)),"") | H5: =IF(AND(ISNUMBER(F5),G5<>""),IF(F5>DAY(EOMONTH(DATE(VALUE(RIGHT(G5,4)),VALUE(LEFT(G5,2)),1),0)),"Ese día no existe en el mes",DATE(VALUE(RIGHT(G5,4)),VALUE(LEFT(G5,2)),F5)),"") | J5: Automático, no tocar
C6: =IFERROR(INDEX(Productos!$B$2:$B$174,MATCH(B6,Productos!$A$2:$A$174,0)),"") | D6: =IFERROR(INDEX(Productos!$C$2:$C$174,MATCH(B6,Productos!$A$2:$A$174,0)),"") | H6: =IF(AND(ISNUMBER(F6),G6<>""),IF(F6>DAY(EOMONTH(DATE(VALUE(RIGHT(G6,4)),VALUE(LEFT(G6,2)),1),0)),"Ese día no existe en el mes",DATE(VALUE(RIGHT(G6,4)),VALUE(LEFT(G6,2)),F6)),"")
C7: =IFERROR(INDEX(Productos!$B$2:$B$174,MATCH(B7,Productos!$A$2:$A$174,0)),"") | D7: =IFERROR(INDEX(Productos!$C$2:$C$174,MATCH(B7,Productos!$A$2:$A$174,0)),"") | H7: =IF(AND(ISNUMBER(F7),G7<>""),IF(F7>DAY(EOMONTH(DATE(VALUE(RIGHT(G7,4)),VALUE(LEFT(G7,2)),1),0)),"Ese día no existe en el mes",DATE(VALUE(RIGHT(G7,4)),VALUE(LEFT(G7,2)),F7)),"")
C8: =IFERROR(INDEX(Productos!$B$2:$B$174,MATCH(B8,Productos!$A$2:$A$174,0)),"") | D8: =IFERROR(INDEX(Productos!$C$2:$C$174,MATCH(B8,Productos!$A$2:$A$174,0)),"") | H8: =IF(AND(ISNUMBER(F8),G8<>""),IF(F8>DAY(EOMONTH(DATE(VALUE(RIGHT(G8,4)),VALUE(LEFT(G8,2)),1),0)),"Ese día no existe en el mes",DATE(VALUE(RIGHT(G8,4)),VALUE(LEFT(G8,2)),F8)),"")
C9: =IFERROR(INDEX(Productos!$B$2:$B$174,MATCH(B9,Productos!$A$2:$A$174,0)),"") | D9: =IFERROR(INDEX(Productos!$C$2:$C$174,MATCH(B9,Productos!$A$2:$A$174,0)),"") | H9: =IF(AND(ISNUMBER(F9),G9<>""),IF(F9>DAY(EOMONTH(DATE(VALUE(RIGHT(G9,4)),VALUE(LEFT(G9,2)),1),0)),"Ese día no existe en el mes",DATE(VALUE(RIGHT(G9,4)),VALUE(LEFT(G9,2)),F9)),"")
C10: =IFERROR(INDEX(Productos!$B$2:$B$174,MATCH(B10,Productos!$A$2:$A$174,0)),"") | D10: =IFERROR(INDEX(Productos!$C$2:$C$174,MATCH(B10,Productos!$A$2:$A$174,0)),"") | H10: =IF(AND(ISNUMBER(F10),G10<>""),IF(F10>DAY(EOMONTH(DATE(VALUE(RIGHT(G10,4)),VALUE(LEFT(G10,2)),1),0)),"Ese día no existe en el mes",DATE(VALUE(RIGHT(G10,4)),VALUE(LEFT(G10,2)),F10)),"")
C11: =IFERROR(INDEX(Productos!$B$2:$B$174,MATCH(B11,Productos!$A$2:$A$174,0)),"") | D11: =IFERROR(INDEX(Productos!$C$2:$C$174,MATCH(B11,Productos!$A$2:$A$174,0)),"") | H11: =IF(AND(ISNUMBER(F11),G11<>""),IF(F11>DAY(EOMONTH(DATE(VALUE(RIGHT(G11,4)),VALUE(LEFT(G11,2)),1),0)),"Ese día no existe en el mes",DATE(VALUE(RIGHT(G11,4)),VALUE(LEFT(G11,2)),F11)),"")
C12: =IFERROR(INDEX(Productos!$B$2:$B$174,MATCH(B12,Productos!$A$2:$A$174,0)),"") | D12: =IFERROR(INDEX(Productos!$C$2:$C$174,MATCH(B12,Productos!$A$2:$A$174,0)),"") | H12: =IF(AND(ISNUMBER(F12),G12<>""),IF(F12>DAY(EOMONTH(DATE(VALUE(RIGHT(G12,4)),VALUE(LEFT(G12,2)),1),0)),"Ese día no existe en el mes",DATE(VALUE(RIGHT(G12,4)),VALUE(LEFT(G12,2)),F12)),"")
C13: =IFERROR(INDEX(Productos!$B$2:$B$174,MATCH(B13,Productos!$A$2:$A$174,0)),"") | D13: =IFERROR(INDEX(Productos!$C$2:$C$174,MATCH(B13,Productos!$A$2:$A$174,0)),"") | H13: =IF(AND(ISNUMBER(F13),G13<>""),IF(F13>DAY(EOMONTH(DATE(VALUE(RIGHT(G13,4)),VALUE(LEFT(G13,2)),1),0)),"Ese día no existe en el mes",DATE(VALUE(RIGHT(G13,4)),VALUE(LEFT(G13,2)),F13)),"")
C14: =IFERROR(INDEX(Productos!$B$2:$B$174,MATCH(B14,Productos!$A$2:$A$174,0)),"") | D14: =IFERROR(INDEX(Productos!$C$2:$C$174,MATCH(B14,Productos!$A$2:$A$174,0)),"") | H14: =IF(AND(ISNUMBER(F14),G14<>""),IF(F14>DAY(EOMONTH(DATE(VALUE(RIGHT(G14,4)),VALUE(LEFT(G14,2)),1),0)),"Ese día no existe en el mes",DATE(VALUE(RIGHT(G14,4)),VALUE(LEFT(G14,2)),F14)),"")
C15: =IFERROR(INDEX(Productos!$B$2:$B$174,MATCH(B15,Productos!$A$2:$A$174,0)),"") | D15: =IFERROR(INDEX(Productos!$C$2:$C$174,MATCH(B15,Productos!$A$2:$A$174,0)),"") | H15: =IF(AND(ISNUMBER(F15),G15<>""),IF(F15>DAY(EOMONTH(DATE(VALUE(RIGHT(G15,4)),VALUE(LEFT(G15,2)),1),0)),"Ese día no existe en el mes",DATE(VALUE(RIGHT(G15,4)),VALUE(LEFT(G15,2)),F15)),"")
C16: =IFERROR(INDEX(Productos!$B$2:$B$174,MATCH(B16,Productos!$A$2:$A$174,0)),"") | D16: =IFERROR(INDEX(Productos!$C$2:$C$174,MATCH(B16,Productos!$A$2:$A$174,0)),"") | H16: =IF(AND(ISNUMBER(F16),G16<>""),IF(F16>DAY(EOMONTH(DATE(VALUE(RIGHT(G16,4)),VALUE(LEFT(G16,2)),1),0)),"Ese día no existe en el mes",DATE(VALUE(RIGHT(G16,4)),VALUE(LEFT(G16,2)),F16)),"")
C17: =IFERROR(INDEX(Productos!$B$2:$B$174,MATCH(B17,Productos!$A$2:$A$174,0)),"") | D17: =IFERROR(INDEX(Productos!$C$2:$C$174,MATCH(B17,Productos!$A$2:$A$174,0)),"") | H17: =IF(AND(ISNUMBER(F17),G17<>""),IF(F17>DAY(EOMONTH(DATE(VALUE(RIGHT(G17,4)),VALUE(LEFT(G17,2)),1),0)),"Ese día no existe en el mes",DATE(VALUE(RIGHT(G17,4)),VALUE(LEFT(G17,2)),F17)),"")
... C402: =IFERROR(INDEX(Productos!$B$2:$B$174,MATCH(B402,Productos!$A$2:$A$174,0)),"") | D402: =IFERROR(INDEX(Productos!$C$2:$C$174,MATCH(B402,Productos!$A$2:$A$174,0)),"") | H402: =IF(AND(ISNUMBER(F402),G402<>""),IF(F402>DAY(EOMONTH(DATE(VALUE(RIGHT(G402,4)),VALUE(LEFT(G402,2)),1),0)),"Ese día no existe en el mes",DATE(VALUE(RIGHT(G402,4)),VALUE(LEFT(G402,2)),F402)),"")

Sheet Listas
A1: Marca | B1: Rango | C1: Meses | D1: ANNAMAET | E1: BIL-JAC | F1: CANIDAE | G1: CHICKEN SOUP | H1: EMERALD | I1: ERA | J1: ESBILAC | K1: GRANDMA MAE'S | L1: HILL'S | M1: MIRRAPEL | N1: NUTRECAN | O1: NUTRI-VET | P1: NUTRISOURCE | Q1: NYLABONE | R1: PRESCRIPTION DIET | S1: PRO PLAN | T1: ROYAL CANIN | U1: SUPERKAN | V1: VET LIFE
A2: ANNAMAET | B2: MARCA_1 | C2: =RIGHT("0"&MONTH(EDATE(TODAY(),0)),2)&"/"&YEAR(EDATE(TODAY(),0)) | D2: ANNAMAET ADULT 23% 5LB · 93500000171 | E2: BILJAC PICKY NO MORE RAZA PEQUENA 6 · 93516580000 | F2: CANIDAE CORDERO Y GRANOS P PERROS 5LB · 90021950000 | G2: CS ALIM LATA POLLOP/GATITO 5.5OZ · 93511230000 | H2: EP SNACK DENTAL POLLO P/GATO 3OZ · 93509210000 | I2: D ERA SYBARITE LATA ATUN/CERDO 400G · 93519110000 | J2: ESBILAC LECHE EN POLVO 12 ONZ · 90311050000 | K2: GM COUNT NAT ESTOMAG SENSIBLE/ PERRO 4LB · 93500000142 | L2: SD ADULTO ESTOMAGO/PIEL SENSIBLE 4LB · 93507510001 | M2: MIRRAPEL CACHORROS 120 ML · 90322660000 | N2: SOLLA NUTRECAN ADULTOS RM Y RG 2KG · 93505920000 | O2: D NV ARTHRISOOTHE TABLETA 40UD · 90327320000 | P2: NS CACHORRO RZ GDE GF 12LB · 93500000457 | Q2: NY SNACK DENTAL 1CT · 93500000332 | R2: SD CANINE I/D 8.5 LB · 90304010000 | S2: M PP GATO FORTI-FLORA 30X1.06OZ · 90009660000 | T2: ROYAL CANIN CARDIAC 2KG · 93504700000 | U2: ROCKY ADULTOS 1KG · 93500000342 | V2: C VET LIFE NAT GASTROINTESTINAL 2 KG · 90010010000
A3: BIL-JAC | B3: MARCA_2 | C3: =RIGHT("0"&MONTH(EDATE(TODAY(),1)),2)&"/"&YEAR(EDATE(TODAY(),1)) | D3: ANNAMAET CACHORROS 5LB · 93500000187 | E3: BJ S SENSIBLE Y SIST INMUNE 6LB · 93518470000 | F3: CANIDAE LATA CORDERO Y ARROZ 13OZ · 90022010000 | G3: CS ALIMENTO EN LATA P/ADULTO 13OZ · 93511170000 | H3: EP SNACK PUMPKIN HARVEST MANZANA 6OZ · 93500000505 | I3: ERA SYBARITE LATA CACHORROS 400G · 93519090000 | J3: PA VITAM/MINERALES GEL P/GATO · 90330330000 | L3: SD FELINE GATITO 3.5LB · 90303640000 | M3: MIRRAPEL CACHORROS 236 ML · 90322670000 | N3: SOLLA NUTRECAN BABIES 2 KG · 90410730000 | O3: D NV EXTRA SOPORTE/ARTICULACION 250U · 90328330000 | P3: NS CACHORRO RZ GDE GF 4LB · 93500000458 | Q3: NY SNACK DENTAL FILET MIGNON 160U · 93504590000 | R3: SD CANINE U/D DRY 8.5LB · 90304020000 | S3: M PP PERROS FORTI-FLORA UNIDAD 1.06OZ · 90009650000 | T3: ROYAL CANIN GASTRO 2KG · 93505490000 | V3: F VET LIFE NAT DIABETICO 2 KG · 90010120000
A4: CANIDAE | B4: MARCA_3 | C4: =RIGHT("0"&MONTH(EDATE(TODAY(),2)),2)&"/"&YEAR(EDATE(TODAY(),2)) | D4: ANNAMAET GATOS 4LB · 93500000237 | F4: CANIDAE LATA MULTIPROTEINAS 13OZ · 90022020000 | G4: CS ALIMENTO EN LATA P/CACHORRO 13OZ · 93511160000 | I4: ERA SYBARITE LATAPOLLO/PESCADO 400G · 93519100000 | J4: PA VITAMINA EN GEL CALORIAS P/GATO · 90330310000 | M4: MIRRAPEL OLEOSO 120 ML · 90322650000 | N4: SOLLA NUTRECAN CAMPO 2KG · 90415960000 | O4: D NV PASTILLA MASTICABLE P/VEJIGA 60U · 93518700000 | P4: NS CACHORRO RZ GDE POLLO Y ARROZ 12LB · 93500000428 | Q4: NY SNACK DENTAL FILET MIGNON SM28 · 93504600000 | R4: SD CANINE/FELINE A/D 5.5 OZ. · 90304470000 | S4: PP GATO LATA SOPORTE URINARIO 5.5OZ · 93519420000 | T4: ROYAL CANIN GASTRO JUNIOR 2.5 KG · 90006770000
A5: CHICKEN SOUP | B5: MARCA_4 | C5: =RIGHT("0"&MONTH(EDATE(TODAY(),3)),2)&"/"&YEAR(EDATE(TODAY(),3)) | D5: ANNAMAET GF GATOS 4LB · 93500000201 | F5: CANIDAE LATA POLLO Y ARROZ 13OZ · 90021990000 | G5: CS CLASSIC GATO PATE PAVO EN SALSA 5.5OZ · 93500000262 | J5: PA VITAMINA EN GEL CALORIAS P/PERRO · 90330290000 | M5: MIRRAPEL OLEOSO 236 ML · 90322640000 | N5: SOLLA NUTRECAN LIGHT 2KG · 93510840000 | O5: D NV SUPLEMENTO ANTI COPROFAGIA 500 · 90328650000 | P5: NS CACHORRO RZ GDE POLLO Y ARROZ 4LB · 93500000429 | Q5: NYLABONE HUESO PETITE CARNE ASADA · 93508280000 | R5: SD LATA CANINE K/D12/ 13 OZ. · 90406540000 | S5: PP GATO NF ADVANCE RINONES 3.15LB · 93519430000 | T5: ROYAL CANIN GATO / RENAL 2KG · 93505710000
A6: EMERALD | B6: MARCA_5 | D6: ANNAMAET PIEL Y ESTOMAGO SENSIBLE 5LB · 93500000184 | F6: CANIDAE MULTIPROTEINAS P PERROS 5LB · 90021890000 | G6: CS CLASSIC GATO PATE POLLO EN SALSA 5.5O · 93500000261 | J6: PETLAC LECHE EN POLVO P/PERROS 10.5 · 93519360000 | M6: MIRRAPEL PET POLVO 300 g · 90301720000 | O6: D NV SUPLEMENTO TRANQUILIZANTE 180 UD · 93518710000 | P6: NS CACHORRO RZ PQNA Y MED GF 4LB · 93500000461 | Q6: NYLABONE HUESO PETITE SABOR TOCINO · 93508190000 | R6: SD LATA CANINE L/D12/ 13 OZ. · 90406480000 | S6: PP GATO NF LATA ADVANCE RINONES 5.5 · 93519440000 | T6: ROYAL CANIN GATO SIST URINARIO 1.5K · 93505700000
A7: ERA | B7: MARCA_6 | D7: ANNAMAET RAZA PEQUENA 4 LB · 93500000183 | F7: CANIDAE POLLO Y GRANOS P PERROS 5LB · 90021860000 | G7: CS CLASSIC GATO PATE SALMON EN SALSA 5.5 · 93500000263 | J7: SUPL EN POLVO LECHE DE CABRA 12OZ · 90308700000 | O7: D NV TABLET PERR SENIOR MALESTAR/DOL · 90328760000 | P7: NS CTRL PESO PERRO POLLO 12LB · 93500000416 | R7: SD LATA CANINE W/D12/13OZ · 90406510000 | S7: PP GATOS LATA VET EN GASTRO 5.5OZ · 93519460000 | T7: ROYAL CANIN HIPOALERGENICO RAZA PQ 1KG · 90006780000
A8: ESBILAC | B8: MARCA_7 | D8: ANNAMAET RZ PQÑA SALMON 4LB · 90016160000 | F8: CANIDAE POLLO Y PAPAS P PERROS 4 LB · 90021970000 | G8: CS CLASSIC MATURE POLLO RZ PQNA 4.5 · 93518630000 | O8: D NV VITAMINAS LEVADURA/AJO 100UD · 90327410000 | P8: NS GATO Y GATITO POLLO SALMON HIGADO 4 · 93500000479 | R8: SD PD CANINDE C/D LATA 12OZ · 93517020000 | S8: PP GATOS VET HYDROLYZED 4LB · 93519450000 | T8: ROYAL CANIN RENAL 2KG · 93510310000
A9: GRANDMA MAE'S | B9: MARCA_8 | F9: CANIDAE SALMON Y GRANOS P PERROS 5LB · 90021930000 | G9: CS CLASSIC POLLO P/ADULTO 4.5LB · 93511070000 | O9: NV ENZIMAS DIGESTIVAS P/PERROS 70UD · 90327670000 | P9: NS GATO Y GATITO POLLO Y ARROZ 4LB · 93500000477 | R9: SD PD CANINE K/D 3.3LB · 93516960000 | S9: PP PERROS EN GASTRO 6LB · 93519540000 | T9: ROYAL CANIN S.UNRINARIO RAZA PQ 1.5 KG · 90006790000
A10: HILL'S | B10: MARCA_9 | G10: CS CLASSIC POLLO P/MATURE 4.5LB · 93511130000 | O10: NV GLUCOSAMINA MASTICABLE NIVEL 2 · 90328050000 | P10: NS LATA CACHORRO POLLO 13OZ · 93500000469 | R10: SD PD GATO GASTROINTESTINAL 4LB · 93517070000 | S10: PP PERROS HYDROLYZED 6LB · 93519500000 | T10: ROYAL CANIN SISTEMA URINARIO 2KG · 93505570000
A11: MIRRAPEL | B11: MARCA_10 | G11: CS GATO CTRL PESO Y SENIOR 4.5LB · 93500000252 | O11: NV HIP N JOINT MASTICABLE 120UD · 90328300000 | P11: NS LATA CACHORRO RZ PQNA Y MED 5.5OZ · 93500000471 | R11: SD PD GATO I/D 4LB · 93517090000 | S11: PP PERROS LATA GASTRO 13.4OZ · 93519550000 | T11: ROYALCANIN HIPOALERGENICO 2KG · 90407030000
A12: NUTRECAN | B12: MARCA_11 | G12: CS GATO SALMON Y ARROZ 4.5LB · 93500000254 | O12: NV PAST MAST CON ARANDANO P/PERRO60 · 90327640000 | P12: NS LATA GATO GATITO POLL PAV CORD PESC 5 · 93500000488 | R12: SD PD GATO I/D LATA 5.5OZ · 93517100000 | S12: PP PERROS LATA HYDROLYZED 13.3OZ · 93519510000 | T12: ROYALCANIN SATIETY 1.5KG · 93516260000
A13: NUTRI-VET | B13: MARCA_12 | G13: CS GF PERRO POLLO, PESCADO 13OZ · 93500000258 | O13: NV TRANQUILIZANTE MAST P/GATOS 60UD · 90328700000 | P13: NS LATA GATO GATITO POLLO 5.5 OZ · 93500000486 | R13: SD PF GATOS C/D LATA 5.5OZ · 93517060000 | S13: PP PERROS LATA SOBREPESO 13.3OZ · 93519490000 | T13: VHN GASTRO INT FELINO 2KG · 90414501000
A14: NUTRISOURCE | B14: MARCA_13 | G14: CS GRAIN FREE POLLO P/ GATOS 4LB · 93514590000 | O14: NV VITAMINA P/CACHORRO ALIENTO 70 U · 90328840000 | P14: NS LATA GATO GATITO POLLO PAVO CORDERO 5 · 93500000487 | S14: PP PERROS LATA SOPORTE RINONES 13.3 · 93519530000
A15: NYLABONE | B15: MARCA_14 | G15: CS PERR CTRL PESO ARROZ, POLLO, PAVO 4.5 · 93500000248 | P15: NS LATA GF PERRO MARISCOS 13OZ · 93500000475 | S15: PP PERROS NF SOPORTE RINONES 6LB · 93519520000
A16: PRESCRIPTION DIET | B16: MARCA_15 | G16: CS SNACK CRUNCHY M MANI /PERRO 12OZ · 93514390000 | P16: NS LATA GF PERRO POLLO 13OZ · 93500000472 | S16: PP PERROS SOBREPESO 6LB · 93519480000
A17: PRO PLAN | B17: MARCA_16 | G17: CS SNACK CRUNCHY POLLO P/PERRO 12OZ · 93511270000 | P17: NS LATA PERRO CORDERO 13OZ · 93500000468 | S17: PP PROPLAN CACHORROS POUCH 85 G · 93520260000
A18: ROYAL CANIN | B18: MARCA_17 | G18: CS SNACK CRUNCHY TOCINO /PERRO 12OZ · 93514380000 | P18: NS LATA PERRO CORDERO Y PESCADO 13OZ · 93500000467 | S18: PPVD GATO SOBREPESO 6LB · 90038410000
A19: SUPERKAN | B19: MARCA_18 | G19: CS SNACK SAVORY CARNE P/PERRO 6OZ · 93514410000 | P19: NS LATA PERRO GF HEARTLAND SELECT 13OZ · 93500000473 | S19: PPVD NC NEUROCARE 6LB · 90038380000
A20: VET LIFE | B20: MARCA_19 | G20: CS SNACK SAVORY POLLO P/PERRO 6OZ · 93514420000 | P20: NS LATA PERRO POLLO Y ARROZ 13OZ · 93500000466 | S20: PPVD NUTRICION CRITICA GATO Y PERRO 5.5O · 90038430000
G21: CS SNACK SAVORY STICKS CARNE 5OZ · 93514660000 | P21: NS PERRO ADULT POLLO Y ARROZ 12LB · 93500000419 | S21: PPVD PERRO URINARY 13.3OZ · 90038400000
G22: CS SNACK SAVORY STICKS PATO 5OZ · 93514680000 | P22: NS PERRO ADULT POLLO Y ARROZ 4LB · 93500000420 | S22: PROPLAN GATO ESTERILIZADO SALMON 3K · 93519980000
G23: CS SNACK SAVORY STICKS POLLO 5OZ · 93514650000 | P23: NS PERRO ADULTO SMB POLLO Y ARROZ 12LB · 93500000421 | S23: PROPLAN URINARY GATO ADULTO 1.5KG MX · 90038570000
G24: CS SNACK SAVORY STICKS TOCINO 5OZ · 93514670000 | P24: NS PERRO ADULTO SMB POLLO Y ARROZ 4LB · 93500000422 | S24: PROPLAN URINARY OPTITRACT 3KG · 93519970000
P25: NS PERRO CORDERO Y ARROZ 12LB · 93500000434
P26: NS PERRO CORDERO Y ARROZ 26LB · 93500000436
P27: NS PERRO CORDERO Y ARROZ 4LB · 93500000435
P28: NS PERRO CTRL PESO GF 12LB · 93500000451
P29: NS PERRO CTRL PESO GF 4LB · 93500000452
P30: NS PERRO GF CORDERO Y GUISANTES 4LB · 93500000445
P31: NS PERRO GF MARISCOS 4LB · 93500000464
P32: NS PERRO GF POLLO GUISANTE 12LB · 93500000441
P33: NS PERRO GF POLLO Y GUISANTE 4LB · 93500000442
P34: NS PERRO GF RZ PQNA POLLO GUISANTE 12L · 93500000449
P35: NS PERRO GF RZ PQNA POLLO GUISANTE 4LB · 93500000450
P36: NS PERRO PAVO Y ARROZ 12LB · 93500000438
... P43: NS SNACK GF PEQ BOCADOS CARNE 6OZ · 93500000494

Sheet Productos
A1: Producto | B1: Código | C1: Inventario (u) | D1: Marca
A2: ANNAMAET ADULT 23% 5LB · 93500000171 | B2: 93500000171 | C2: 4 | D2: ANNAMAET
A3: ANNAMAET CACHORROS 5LB · 93500000187 | B3: 93500000187 | C3: 4 | D3: ANNAMAET
A4: ANNAMAET GATOS 4LB · 93500000237 | B4: 93500000237 | C4: 3 | D4: ANNAMAET
A5: ANNAMAET GF GATOS 4LB · 93500000201 | B5: 93500000201 | C5: 4 | D5: ANNAMAET
A6: ANNAMAET PIEL Y ESTOMAGO SENSIBLE 5LB · 93500000184 | B6: 93500000184 | C6: 3 | D6: ANNAMAET
A7: ANNAMAET RAZA PEQUENA 4 LB · 93500000183 | B7: 93500000183 | C7: 4 | D7: ANNAMAET
A8: ANNAMAET RZ PQÑA SALMON 4LB · 90016160000 | B8: 90016160000 | C8: 2 | D8: ANNAMAET
A9: BILJAC PICKY NO MORE RAZA PEQUENA 6 · 93516580000 | B9: 93516580000 | C9: 2 | D9: BIL-JAC
A10: BJ S SENSIBLE Y SIST INMUNE 6LB · 93518470000 | B10: 93518470000 | C10: 2 | D10: BIL-JAC
A11: CANIDAE CORDERO Y GRANOS P PERROS 5LB · 90021950000 | B11: 90021950000 | C11: 6 | D11: CANIDAE
A12: CANIDAE LATA CORDERO Y ARROZ 13OZ · 90022010000 | B12: 90022010000 | C12: 12 | D12: CANIDAE
A13: CANIDAE LATA MULTIPROTEINAS 13OZ · 90022020000 | B13: 90022020000 | C13: 12 | D13: CANIDAE
... A174: F VET LIFE NAT DIABETICO 2 KG · 90010120000 | B174: 90010120000 | C174: 1 | D174: VET LIFE
A176: Sucursal | B176: P&G | HOSPITAL BRISAS DEL NORTE
A177: Índice | B177: 103
A178: Inventario al | B178: 21.10.2026
